{"cameraMode":{"drawMode":0,"name":"Shaded","section":"Shading Mode"},"sceneLighting":true,"audioPlay":false,"sceneViewState":{"m_AlwaysRefresh":false,"showFog":true,"showSkybox":false,"showFlares":true,"showImageEffects":true,"showParticleSystems":true,"showVisualEffectGraphs":true,"m_FxEnabled":true},"in2DMode":false,"pivot":{"x":-1.135789155960083,"y":0.7156836986541748,"z":0.7632430791854858},"rotation":{"x":-0.10159483551979065,"y":-0.7814052700996399,"z":0.13840733468532563,"w":-0.5988184809684753},"size":0.14610634744167329,"orthographic":false}